month,seasonal_index
1,0.9291652737242763
2,0.8874456124023667
3,0.9664804890285564
4,1.0514575936538602
5,0.9905573647222878
6,0.9991653875142619
7,1.0821452509276086
8,0.9937987192964994
9,0.9268256690179663
10,1.0822890420134856
11,1.0307227444186886
12,1.0599468532801413
